<?xml version="1.0" encoding="UTF-8"?>
<GenRun Id="impl_1" LaunchPart="xc7a100tcsg324-1" LaunchTime="1543443679">
  <File Type="ROUTE-PWR-RPX" Name="Memory_power_routed.rpx"/>
  <File Type="PA-TCL" Name="Memory.tcl"/>
  <File Type="INIT-TIMING" Name="Memory_timing_summary_init.rpt"/>
  <File Type="OPT-METHODOLOGY-DRC" Name="Memory_methodology_drc_opted.rpt"/>
  <File Type="PWROPT-DRC" Name="Memory_drc_pwropted.rpt"/>
  <File Type="RDI-RDI" Name="Memory.vdi"/>
  <File Type="OPT-DCP" Name="Memory_opt.dcp"/>
  <File Type="OPT-HWDEF" Name="Memory.hwdef"/>
  <File Type="OPT-DRC" Name="Memory_drc_opted.rpt"/>
  <File Type="OPT-TIMING" Name="Memory_timing_summary_opted.rpt"/>
  <File Type="PWROPT-DCP" Name="Memory_pwropt.dcp"/>
  <File Type="PWROPT-TIMING" Name="Memory_timing_summary_pwropted.rpt"/>
  <File Type="PLACE-DCP" Name="Memory_placed.dcp"/>
  <File Type="PLACE-IO" Name="Memory_io_placed.rpt"/>
  <File Type="PLACE-CLK" Name="Memory_clock_utilization_placed.rpt"/>
  <File Type="PLACE-UTIL" Name="Memory_utilization_placed.rpt"/>
  <File Type="PLACE-UTIL-PB" Name="Memory_utilization_placed.pb"/>
  <File Type="PLACE-CTRL" Name="Memory_control_sets_placed.rpt"/>
  <File Type="PLACE-SIMILARITY" Name="Memory_incremental_reuse_placed.rpt"/>
  <File Type="PLACE-PRE-SIMILARITY" Name="Memory_incremental_reuse_pre_placed.rpt"/>
  <File Type="PLACE-TIMING" Name="Memory_timing_summary_placed.rpt"/>
  <File Type="POSTPLACE-PWROPT-DCP" Name="Memory_postplace_pwropt.dcp"/>
  <File Type="POSTPLACE-PWROPT-TIMING" Name="Memory_timing_summary_postplace_pwropted.rpt"/>
  <File Type="PHYSOPT-DCP" Name="Memory_physopt.dcp"/>
  <File Type="PHYSOPT-DRC" Name="Memory_drc_physopted.rpt"/>
  <File Type="PHYSOPT-TIMING" Name="Memory_timing_summary_physopted.rpt"/>
  <File Type="ROUTE-ERROR-DCP" Name="Memory_routed_error.dcp"/>
  <File Type="ROUTE-DCP" Name="Memory_routed.dcp"/>
  <File Type="ROUTE-BLACKBOX-DCP" Name="Memory_routed_bb.dcp"/>
  <File Type="ROUTE-DRC" Name="Memory_drc_routed.rpt"/>
  <File Type="ROUTE-DRC-PB" Name="Memory_drc_routed.pb"/>
  <File Type="ROUTE-DRC-RPX" Name="Memory_drc_routed.rpx"/>
  <File Type="BG-BIN" Name="Memory.bin"/>
  <File Type="ROUTE-METHODOLOGY-DRC" Name="Memory_methodology_drc_routed.rpt"/>
  <File Type="BG-DRC" Name="Memory.drc"/>
  <File Type="ROUTE-METHODOLOGY-DRC-RPX" Name="Memory_methodology_drc_routed.rpx"/>
  <File Type="BITSTR-MSK" Name="Memory.msk"/>
  <File Type="ROUTE-METHODOLOGY-DRC-PB" Name="Memory_methodology_drc_routed.pb"/>
  <File Type="BG-BGN" Name="Memory.bgn"/>
  <File Type="ROUTE-PWR" Name="Memory_power_routed.rpt"/>
  <File Type="ROUTE-PWR-SUM" Name="Memory_power_summary_routed.pb"/>
  <File Type="ROUTE-STATUS" Name="Memory_route_status.rpt"/>
  <File Type="ROUTE-STATUS-PB" Name="Memory_route_status.pb"/>
  <File Type="ROUTE-TIMINGSUMMARY" Name="Memory_timing_summary_routed.rpt"/>
  <File Type="ROUTE-TIMING-PB" Name="Memory_timing_summary_routed.pb"/>
  <File Type="ROUTE-TIMING-RPX" Name="Memory_timing_summary_routed.rpx"/>
  <File Type="ROUTE-SIMILARITY" Name="Memory_incremental_reuse_routed.rpt"/>
  <File Type="ROUTE-CLK" Name="Memory_clock_utilization_routed.rpt"/>
  <File Type="POSTROUTE-PHYSOPT-DCP" Name="Memory_postroute_physopt.dcp"/>
  <File Type="POSTROUTE-PHYSOPT-BLACKBOX-DCP" Name="Memory_postroute_physopt_bb.dcp"/>
  <File Type="POSTROUTE-PHYSOPT-TIMING" Name="Memory_timing_summary_postroute_physopted.rpt"/>
  <File Type="POSTROUTE-PHYSOPT-TIMING-PB" Name="Memory_timing_summary_postroute_physopted.pb"/>
  <File Type="POSTROUTE-PHYSOPT-TIMING-RPX" Name="Memory_timing_summary_postroute_physopted.rpx"/>
  <File Type="BG-BIT" Name="Memory.bit"/>
  <File Type="BITSTR-RBT" Name="Memory.rbt"/>
  <File Type="BITSTR-NKY" Name="Memory.nky"/>
  <File Type="BITSTR-BMM" Name="Memory_bd.bmm"/>
  <File Type="BITSTR-MMI" Name="Memory.mmi"/>
  <File Type="BITSTR-SYSDEF" Name="Memory.sysdef"/>
  <File Type="WBT-USG" Name="usage_statistics_webtalk.html"/>
  <FileSet Name="sources" Type="DesignSrcs" RelSrcDir="$PSRCDIR/sources_1">
    <Filter Type="Srcs"/>
    <File Path="$PSRCDIR/sources_1/new/Memory.v">
      <FileInfo>
        <Attr Name="ImportPath" Val="$PPRDIR/../../../../../../../../Documents/SoundProject3/SoundProject3/SoundProject3.srcs/sources_1/new/Memory.v"/>
        <Attr Name="ImportTime" Val="1543443636"/>
        <Attr Name="UsedIn" Val="synthesis"/>
        <Attr Name="UsedIn" Val="implementation"/>
        <Attr Name="UsedIn" Val="simulation"/>
      </FileInfo>
    </File>
    <Config>
      <Option Name="DesignMode" Val="RTL"/>
      <Option Name="TopModule" Val="Memory"/>
      <Option Name="TopAutoSet" Val="TRUE"/>
    </Config>
  </FileSet>
  <FileSet Name="constrs_in" Type="Constrs" RelSrcDir="$PSRCDIR/constrs_1">
    <Filter Type="Constrs"/>
    <File Path="$PSRCDIR/constrs_1/imports/SoundProject3/Nexys4DDR_Master.xdc">
      <FileInfo>
        <Attr Name="ImportPath" Val="$PPRDIR/../../../../../../../../Documents/SoundProject3/SoundProject3/Nexys4DDR_Master.xdc"/>
        <Attr Name="ImportTime" Val="1542751579"/>
        <Attr Name="UsedIn" Val="synthesis"/>
        <Attr Name="UsedIn" Val="implementation"/>
      </FileInfo>
    </File>
    <Config>
      <Option Name="ConstrsType" Val="XDC"/>
    </Config>
  </FileSet>
  <Strategy Version="1" Minor="2">
    <StratHandle Name="Vivado Implementation Defaults" Flow="Vivado Implementation 2017"/>
    <Step Id="init_design"/>
    <Step Id="opt_design"/>
    <Step Id="power_opt_design"/>
    <Step Id="place_design"/>
    <Step Id="post_place_power_opt_design"/>
    <Step Id="phys_opt_design"/>
    <Step Id="route_design"/>
    <Step Id="post_route_phys_opt_design"/>
    <Step Id="write_bitstream"/>
  </Strategy>
</GenRun>
