<?xml version="1.0" encoding="UTF-8"?>
<GenRun Id="synth_1" LaunchPart="xc7a100tcsg324-1" LaunchTime="1543443676">
  <File Type="PA-TCL" Name="Memory.tcl"/>
  <File Type="RDS-PROPCONSTRS" Name="Memory_drc_synth.rpt"/>
  <File Type="RDS-RDS" Name="Memory.vds"/>
  <File Type="RDS-UTIL" Name="Memory_utilization_synth.rpt"/>
  <File Type="RDS-UTIL-PB" Name="Memory_utilization_synth.pb"/>
  <File Type="RDS-DCP" Name="Memory.dcp"/>
  <File Type="VDS-TIMINGSUMMARY" Name="Memory_timing_summary_synth.rpt"/>
  <File Type="VDS-TIMING-PB" Name="Memory_timing_summary_synth.pb"/>
  <FileSet Name="sources" Type="DesignSrcs" RelSrcDir="$PSRCDIR/sources_1">
    <Filter Type="Srcs"/>
    <File Path="$PSRCDIR/sources_1/new/Memory.v">
      <FileInfo>
        <Attr Name="ImportPath" Val="$PPRDIR/../../../../../../../../Documents/SoundProject3/SoundProject3/SoundProject3.srcs/sources_1/new/Memory.v"/>
        <Attr Name="ImportTime" Val="1543443636"/>
        <Attr Name="UsedIn" Val="synthesis"/>
        <Attr Name="UsedIn" Val="implementation"/>
        <Attr Name="UsedIn" Val="simulation"/>
      </FileInfo>
    </File>
    <Config>
      <Option Name="DesignMode" Val="RTL"/>
      <Option Name="TopModule" Val="Memory"/>
      <Option Name="TopAutoSet" Val="TRUE"/>
    </Config>
  </FileSet>
  <FileSet Name="constrs_in" Type="Constrs" RelSrcDir="$PSRCDIR/constrs_1">
    <Filter Type="Constrs"/>
    <File Path="$PSRCDIR/constrs_1/imports/SoundProject3/Nexys4DDR_Master.xdc">
      <FileInfo>
        <Attr Name="ImportPath" Val="$PPRDIR/../../../../../../../../Documents/SoundProject3/SoundProject3/Nexys4DDR_Master.xdc"/>
        <Attr Name="ImportTime" Val="1542751579"/>
        <Attr Name="UsedIn" Val="synthesis"/>
        <Attr Name="UsedIn" Val="implementation"/>
      </FileInfo>
    </File>
    <Config>
      <Option Name="ConstrsType" Val="XDC"/>
    </Config>
  </FileSet>
  <Strategy Version="1" Minor="2">
    <StratHandle Name="Vivado Synthesis Defaults" Flow="Vivado Synthesis 2017"/>
    <Step Id="synth_design"/>
  </Strategy>
</GenRun>
